{
  "Thin Strokes" : 4,
  "Working Directory" : "\/Users\/hi",
  "Prompt Before Closing 2" : false,
  "Selected Text Color" : {
    "Green Component" : 0.63529413938522339,
    "Blue Component" : 0.69803923368453979,
    "Red Component" : 0.60784316062927246
  },
  "Rows" : 25,
  "Ansi 11 Color" : {
    "Green Component" : 0.5372549295425415,
    "Blue Component" : 0.30980393290519714,
    "Red Component" : 0.78039216995239258
  },
  "Use Italic Font" : true,
  "Foreground Color" : {
    "Green Component" : 0.63529413938522339,
    "Blue Component" : 0.69803923368453979,
    "Red Component" : 0.60784316062927246
  },
  "Right Option Key Sends" : 0,
  "Character Encoding" : 4,
  "Selection Color" : {
    "Green Component" : 0.20392157137393951,
    "Blue Component" : 0.25098040699958801,
    "Red Component" : 0.18431372940540314
  },
  "Blend" : 0.050000000000000003,
  "Mouse Reporting" : true,
  "Cursor Boost" : 0,
  "Ansi 4 Color" : {
    "Green Component" : 0.61176472902297974,
    "Blue Component" : 0.93333333730697632,
    "Red Component" : 0.30196079611778259
  },
  "Non-ASCII Anti Aliased" : true,
  "Sync Title" : false,
  "Disable Window Resizing" : true,
  "Description" : "Default",
  "Close Sessions On End" : true,
  "Jobs to Ignore" : [
    "rlogin",
    "ssh",
    "slogin",
    "telnet"
  ],
  "Scrollback Lines" : 0,
  "Draw Powerline Glyphs" : true,
  "Flashing Bell" : false,
  "Cursor Guide Color" : {
    "Red Component" : 0.70213186740875244,
    "Color Space" : "sRGB",
    "Blue Component" : 1,
    "Alpha Component" : 0.25,
    "Green Component" : 0.9268307089805603
  },
  "BM Growl" : true,
  "Ansi 3 Color" : {
    "Green Component" : 0.5372549295425415,
    "Blue Component" : 0.30980393290519714,
    "Red Component" : 0.78039216995239258
  },
  "Use Non-ASCII Font" : false,
  "Link Color" : {
    "Red Component" : 0,
    "Color Space" : "sRGB",
    "Blue Component" : 0.73423302173614502,
    "Alpha Component" : 1,
    "Green Component" : 0.35916060209274292
  },
  "Shortcut" : "",
  "Bold Color" : {
    "Green Component" : 0.90859544147195581,
    "Blue Component" : 1,
    "Red Component" : 0.86938229080510965
  },
  "Unlimited Scrollback" : true,
  "Custom Command" : "No",
  "Keyboard Map" : {
    "0xf700-0x260000" : {
      "Action" : 10,
      "Text" : "[1;6A"
    },
    "0x37-0x40000" : {
      "Action" : 11,
      "Text" : "0x1f"
    },
    "0x32-0x40000" : {
      "Action" : 11,
      "Text" : "0x00"
    },
    "0xf709-0x20000" : {
      "Action" : 10,
      "Text" : "[17;2~"
    },
    "0xf70c-0x20000" : {
      "Action" : 10,
      "Text" : "[20;2~"
    },
    "0xf729-0x20000" : {
      "Action" : 10,
      "Text" : "[1;2H"
    },
    "0xf72b-0x40000" : {
      "Action" : 10,
      "Text" : "[1;5F"
    },
    "0xf705-0x20000" : {
      "Action" : 10,
      "Text" : "[1;2Q"
    },
    "0xf703-0x260000" : {
      "Action" : 10,
      "Text" : "[1;6C"
    },
    "0xf700-0x220000" : {
      "Action" : 10,
      "Text" : "[1;2A"
    },
    "0x38-0x40000" : {
      "Action" : 11,
      "Text" : "0x7f"
    },
    "0x33-0x40000" : {
      "Action" : 11,
      "Text" : "0x1b"
    },
    "0xf703-0x220000" : {
      "Action" : 10,
      "Text" : "[1;2C"
    },
    "0xf701-0x240000" : {
      "Action" : 10,
      "Text" : "[1;5B"
    },
    "0xf70d-0x20000" : {
      "Action" : 10,
      "Text" : "[21;2~"
    },
    "0xf702-0x260000" : {
      "Action" : 10,
      "Text" : "[1;6D"
    },
    "0xf729-0x40000" : {
      "Action" : 10,
      "Text" : "[1;5H"
    },
    "0xf706-0x20000" : {
      "Action" : 10,
      "Text" : "[1;2R"
    },
    "0x34-0x40000" : {
      "Action" : 11,
      "Text" : "0x1c"
    },
    "0x2d-0x40000" : {
      "Action" : 11,
      "Text" : "0x1f"
    },
    "0xf70e-0x20000" : {
      "Action" : 10,
      "Text" : "[23;2~"
    },
    "0xf702-0x220000" : {
      "Action" : 10,
      "Text" : "[1;2D"
    },
    "0xf707-0x20000" : {
      "Action" : 10,
      "Text" : "[1;2S"
    },
    "0xf700-0x240000" : {
      "Action" : 10,
      "Text" : "[1;5A"
    },
    "0xf70a-0x20000" : {
      "Action" : 10,
      "Text" : "[18;2~"
    },
    "0x35-0x40000" : {
      "Action" : 11,
      "Text" : "0x1d"
    },
    "0xf70f-0x20000" : {
      "Action" : 10,
      "Text" : "[24;2~"
    },
    "0xf703-0x240000" : {
      "Action" : 10,
      "Text" : "[1;5C"
    },
    "0xf701-0x260000" : {
      "Action" : 10,
      "Text" : "[1;6B"
    },
    "0xf72b-0x20000" : {
      "Action" : 10,
      "Text" : "[1;2F"
    },
    "0x36-0x40000" : {
      "Action" : 11,
      "Text" : "0x1e"
    },
    "0xf708-0x20000" : {
      "Action" : 10,
      "Text" : "[15;2~"
    },
    "0xf701-0x220000" : {
      "Action" : 10,
      "Text" : "[1;2B"
    },
    "0xf70b-0x20000" : {
      "Action" : 10,
      "Text" : "[19;2~"
    },
    "0xf702-0x240000" : {
      "Action" : 10,
      "Text" : "[1;5D"
    },
    "0xf704-0x20000" : {
      "Action" : 10,
      "Text" : "[1;2P"
    }
  },
  "Ansi 14 Color" : {
    "Green Component" : 0.65882354974746704,
    "Blue Component" : 0.7137255072593689,
    "Red Component" : 0.26666668057441711
  },
  "Ansi 2 Color" : {
    "Green Component" : 0.73333334922790527,
    "Blue Component" : 0.38431373238563538,
    "Red Component" : 0.52549022436141968
  },
  "Send Code When Idle" : false,
  "ASCII Anti Aliased" : true,
  "Tags" : [

  ],
  "Ansi 9 Color" : {
    "Green Component" : 0.32549020648002625,
    "Blue Component" : 0.37647059559822083,
    "Red Component" : 0.85098040103912354
  },
  "Use Bold Font" : true,
  "Silence Bell" : true,
  "Ansi 12 Color" : {
    "Green Component" : 0.61176472902297974,
    "Blue Component" : 0.93333333730697632,
    "Red Component" : 0.30196079611778259
  },
  "Window Type" : 0,
  "Use Bright Bold" : true,
  "Has Hotkey" : false,
  "Cursor Text Color" : {
    "Green Component" : 1,
    "Blue Component" : 1,
    "Red Component" : 1
  },
  "Default Bookmark" : "No",
  "Cursor Color" : {
    "Green Component" : 0.43137255311012268,
    "Blue Component" : 1,
    "Red Component" : 0.24705882370471954
  },
  "Ansi 1 Color" : {
    "Green Component" : 0.32549020648002625,
    "Blue Component" : 0.37647059559822083,
    "Red Component" : 0.85098040103912354
  },
  "Name" : "luke1012",
  "Blinking Cursor" : true,
  "Guid" : "04CD9456-4E38-4DE6-9EDA-597D9DC5BD55",
  "Ansi 8 Color" : {
    "Green Component" : 0.12941177189350128,
    "Blue Component" : 0.15294118225574493,
    "Red Component" : 0.11764705926179886
  },
  "Ansi 10 Color" : {
    "Green Component" : 0.73333334922790527,
    "Blue Component" : 0.38431373238563538,
    "Red Component" : 0.52549022436141968
  },
  "Idle Code" : 0,
  "Badge Color" : {
    "Red Component" : 1,
    "Color Space" : "sRGB",
    "Blue Component" : 0,
    "Alpha Component" : 0.5,
    "Green Component" : 0.1491314172744751
  },
  "Ambiguous Double Width" : false,
  "Blur Radius" : 0.85208796002538056,
  "Background Image Mode" : 2,
  "Cursor Type" : 2,
  "Ansi 0 Color" : {
    "Green Component" : 0.12941177189350128,
    "Blue Component" : 0.15294118225574493,
    "Red Component" : 0.11764705926179886
  },
  "Blur" : true,
  "Normal Font" : "FuraCodeNerdFontComplete-Regular 14",
  "Vertical Spacing" : 1,
  "Ansi 7 Color" : {
    "Green Component" : 0.63529411759999999,
    "Blue Component" : 0.69803921570000005,
    "Red Component" : 0.60784313729999995
  },
  "Command" : "\/usr\/local\/bin\/tmux new -A -s main",
  "Terminal Type" : "xterm-256color",
  "Horizontal Spacing" : 1,
  "Option Key Sends" : 2,
  "Only The Default BG Color Uses Transparency" : true,
  "Blink Allowed" : false,
  "Minimum Contrast" : 0,
  "Ansi 15 Color" : {
    "Green Component" : 0.63529413938522339,
    "Blue Component" : 0.69803923368453979,
    "Red Component" : 0.60784316062927246
  },
  "Unicode Version" : 8,
  "Ansi 6 Color" : {
    "Green Component" : 0.65882354974746704,
    "Blue Component" : 0.7137255072593689,